[
    {
        "name": "Ada Campo-Corrente",
        "CurrentEmploymentTitle": "SVP/CIO",
        "Gender": "Female",
        "specialty": [],
        "experience": [
            {
                "position": "CIO",
                "end": 1390262400,
                "description": "she is responsible for all the information management needs of the complex research and development and operation requirements of GASTech",
                "start": 1072915200,
                "location": "GASTech"
            },
            {
                "position": "",
                "end": 1072915200,
                "description": "she worked in the Information Management field for the University of Tethys.",
                "start": 0,
                "location": "University of Tethys"
            }
        ],
        "EmailAddress": "Ada.Campo-Corrente@gastech.com.kronos",
        "forceDischarge": 0,
        "PassportIssueDate": 1373760000,
        "CurrentEmploymentType": "Executive",
        "CurrentEmploymentStartDate": 1096934400
    },
    {
        "name": "Ingrid Barranco",
        "CurrentEmploymentTitle": "SVP/CFO",
        "Gender": "Female",
        "specialty": [],
        "experience": [
            {
                "position": "CFO",
                "end": 1390262400,
                "description": "After joining GASTech in 2003, she was heavily involved with growth decisions, leading to taking the company public in 2013.",
                "start": 1041379200,
                "location": "GASTech"
            },
            {
                "position": "",
                "end": 1041379200,
                "description": "Prior to 2003, she worked in both the banking and manufacturing industries with large multi-national companies.",
                "start": 0,
                "location": "banking and manufacturing industries"
            }
        ],
        "EmailAddress": "Ingrid.Barranco@gastech.com.kronos",
        "forceDischarge": 0,
        "PassportIssueDate": 1372636800,
        "CurrentEmploymentType": "Executive",
        "CurrentEmploymentStartDate": 1064880000
    },
    {
        "name": "Orhan Strum",
        "CurrentEmploymentTitle": "SVP/COO",
        "Gender": "Male",
        "specialty": [],
        "experience": [
            {
                "position": "COO",
                "end": 1390262400,
                "description": "he works with a wide variety of stakeholders and experts to ensure effective management of external affairs for GASTech. Mr. Strum works closely with officials from Tethys and Kronos to ensure a cooperative and compliant atmosphere exists between all parties.",
                "start": 1060214400,
                "location": "GASTech"
            },
            {
                "position": "COO",
                "end": 1390262400,
                "description": "he worked as the Chief Operating Officer for a large multi-national corporation ensuring smooth operations across national boundaries.",
                "start": 0,
                "location": "a large multi-national corporation"
            }
        ],
        "EmailAddress": "Orhan.Strum@gastech.com.kronos",
        "forceDischarge": 0,
        "PassportIssueDate": 1306972800,
        "CurrentEmploymentType": "Executive",
        "CurrentEmploymentStartDate": 1060214400
    },
    {
        "CurrentEmploymentStartDate": 658108800,
        "CurrentEmploymentTitle": "President/CEO",
        "Gender": "Male",
        "specialty": [],
        "experience": [
            {
                "position": "CEO",
                "end": 1403867186,
                "description": "He assumed the presidency of GASTech from his father, continuing the family legacy of growth and stewardship of natural resources.  Mr Sanjorge, Jr. established A GASTech presence in Kronos in 1994, opening a new headquarters in 1995.  He continues to lead GASTech into the future innovating with drilling methods and environmental practices.He recently decided to take GASTech public to leverage investments to operationalize new techniques and drive expansion.",
                "start": 658108800,
                "location": "GASTech"
            }
        ],
        "EmailAddress": "Sten.Sanjorge Jr.@gastech.com.kronos",
        "forceDischarge": 0,
        "PassportIssueDate": 1366502400,
        "CurrentEmploymentType": "Executive",
        "name": "Sten Sanjorge Jr."
    },
    {
        "name": "Willem Vasco-Pais",
        "CurrentEmploymentTitle": "Environmental Safety Advisor",
        "Gender": "Male",
        "specialty": [],
        "experience": [
            {
                "position": "Environmental Safety Advisor",
                "end": 1390262400,
                "description": "he provides strong leadership as GASTech continues to innovate and grow into new countries and technologies.  Although concerns have been raised in the past, Mr. Vasco-Pais has put these to rest with new oversight programs and close relations with government officials.",
                "start": 1262304000,
                "location": "GASTech"
            },
            {
                "position": "",
                "end": 1262304000,
                "description": "Prior to joining GASTech, Mr. Vasco-Pais worked in the pharmecutical industry insuring ethical and responsible development of new drugs and medical procedures.",
                "start": 0,
                "location": "pharmecutical industry"
            }
        ],
        "EmailAddress": "Willem.Vasco-Pais@gastech.com.kronos",
        "forceDischarge": 0,
        "PassportIssueDate": 1322265600,
        "CurrentEmploymentType": "Executive",
        "CurrentEmploymentStartDate": 1275696000
    },
    {
        "name": "Adan Morlun",
        "CurrentEmploymentTitle": "Truck Driver",
        "Gender": "Male",
        "specialty": [
            "Over 8 years’ general experience of driving heavy vehicles",
            "Valid Kronos driver’s license, multiple classes",
            "Exceptional driving record which reflects adherence to all Federal regulations",
            "Up-to-date medical certification"
        ],
        "experience": [
            {
                "position": "Truk Driver",
                "end": 1390262400,
                "description": "To work as a Truck Driver utilizing ability to drive different types of trucks effectively to maximize efficiency and increase revenue.",
                "start": 1136073600,
                "location": "GASTech"
            },
            {
                "position": "Associates Degree, General Studies",
                "end": 1041379200,
                "description": "Associates Degree, General Studies, Abila Community College, Kronos",
                "start": 978307200,
                "location": "Abila Community College, Kronos"
            },
            {
                "position": "",
                "end": 1104537600,
                "description": "",
                "start": 1041379200,
                "location": "Armed Forces of Kronos"
            }
        ],
        "EmailAddress": "Adan.Morlun@gastech.com.kronos",
        "forceDischarge": 1128124800,
        "CurrentEmploymentType": "Facilities",
        "CurrentEmploymentStartDate": 1137196800
    },
    {
        "name": "Albina Hafon",
        "CurrentEmploymentTitle": "Truck Driver",
        "Gender": "Female",
        "specialty": [
            "Valid Kronos driver’s license, multiple endorsements",
            "Demonstrated sound work ethics ",
            "Ability to maintain equipment",
            "Skilled at securing cargo for transport"
        ],
        "experience": [
            {
                "position": "Truck Driver",
                "end": 1390262400,
                "description": "Quickly gained familiarity with delivery routes. Provides prompt and courteous service to our delivery site customers. Verify the unloading of shipments to avoid employee theft and fraudulent claims of missing product. Maintain safe vehicle and conditions in compliance with company and highway regulations",
                "start": 1230768000,
                "location": "GASTech"
            },
            {
                "position": "Associates Degree, General Studies",
                "end": 1136073600,
                "description": "",
                "start": 1072915200,
                "location": "Abila Community College, Kronos"
            },
            {
                "position": "",
                "end": 1167609600,
                "description": "",
                "start": 1136073600,
                "location": "Armed Forces of Kronos"
            }
        ],
        "EmailAddress": "Albina.Hafon@gastech.com.kronos",
        "forceDischarge": 1191196800,
        "CurrentEmploymentType": "Facilities",
        "CurrentEmploymentStartDate": 1252713600
    },
    {
        "name": "Anda Ribera",
        "CurrentEmploymentTitle": "Assistant to CFO",
        "Gender": "Female",
        "specialty": [
            "A highly organized and detail-oriented Executive Assistant with over 17 years’ experience providing thorough and skillful administrative support to senior executives.",
            "Dedicated and focused; able to prioritize and complete multiple tasks and follow through to achieve project goals.",
            "An independent and self-motivated professional with excellent writing skills; able to grow positive relationships with clients and colleagues at all organizational levels."
        ],
        "experience": [
            {
                "position": "Senior Executive Assistant to the CFO",
                "end": 1390262400,
                "description": "Created highly effect organization and filing systems, including quick and thorough indexing, filing and offsite storage, resulting in easy access to critical information and streamlined office functions. Coordinated and set up high-level conference calls, management meetings, special events and travel for senior management. Developed and maintained databases of research topics as directed by the CFO.",
                "start": 1230768000,
                "location": "GASTech"
            },
            {
                "position": "Senior Executive Assistant",
                "end": 1230768000,
                "description": "Provided superior administrative support to multiple members of the management team of Industrial Resources, Ltd. including correspondence, legal documents, financial management, events/logistics coordination, and conflict resolution.",
                "start": 946684800,
                "location": "Industrial Resources, Ltd., Tethys"
            },
            {
                "position": "Executive Assistant",
                "end": 946684800,
                "description": "Provided superior administrative support to multiple members of the management team of Industrial Resources, Ltd. including correspondence, legal documents, financial management, events/logistics coordination, and conflict resolution.",
                "start": 820454400,
                "location": "Industrial Resources, Ltd., Tethys"
            },
            {
                "position": "student",
                "end": 0,
                "description": "Masters in Library Science, University of Tethys, Tethys",
                "start": 0,
                "location": "University of Tethys, Tethys"
            },
            {
                "position": "student",
                "end": 0,
                "description": "Bachelor of Arts, Writing and Journalism, University of Tethys, Tethys",
                "start": 0,
                "location": "University of Tethys, Tethys"
            }
        ],
        "EmailAddress": "Anda.Ribera@gastech.com.kronos",
        "forceDischarge": 0,
        "PassportIssueDate": 1245024000,
        "CurrentEmploymentType": "Administration",
        "CurrentEmploymentStartDate": 1256860800
    },
    {
        "name": "Axel Calzas",
        "CurrentEmploymentTitle": "Drill Technician",
        "Gender": "Male",
        "specialty": [],
        "experience": [
            {
                "position": "Senior Drill Technician",
                "end": 1390262400,
                "description": "Coordinated with field engineers in drilling operations and simulations. Negotiated with contractors and developers in various on-site projects. Collaborated with safety engineers before and after the completion of well construction. Oversight of day to day drilling activities, including site safety, new field technician training, and extraction. Key staff member during the site location and initial construction phases.",
                "start": 852076800,
                "location": "GASTech"
            },
            {
                "position": "student",
                "end": 1104537600,
                "description": "Certificate in Control Systems and Outflow Management",
                "start": 1041379200,
                "location": ""
            },
            {
                "position": "student",
                "end": 1041379200,
                "description": "HCX Drilling seminar",
                "start": 852076800,
                "location": ""
            },
            {
                "position": "student",
                "end": 852076800,
                "description": "BSc Engineering",
                "start": 0,
                "location": "Tethys University"
            }
        ],
        "EmailAddress": "Axel.Calzas@gastech.com.kronos",
        "forceDischarge": 0,
        "PassportIssueDate": 1327968000,
        "CurrentEmploymentType": "Engineering",
        "CurrentEmploymentStartDate": 869097600
    },
    {
        "name": "Bertrand Ovan",
        "CurrentEmploymentTitle": "Facilities Group Manager",
        "Gender": "Male",
        "specialty": [
            "Good efficiency and knowledge in employing best business practices to ensure that the services and processes supporting the organization go on smoothly.",
            "A high level of professionalism, integrity, and discretion in handling sensitive information.",
            "Capable of managing all facilities efficiently – Well-versed with project management activities, time management and team leadership.",
            "Comfortable working in a fast-paced environment – Good communication and interpersonal skills.",
            "Understanding of current best practices for building operations and support."
        ],
        "experience": [
            {
                "position": "",
                "end": 883612800,
                "description": "Retiring rank : Major",
                "start": 378691200,
                "location": "Tethan Defense Forces"
            },
            {
                "position": "Facilities Team Leader",
                "end": 1041379200,
                "description": "",
                "start": 883612800,
                "location": "GASTech - Kronos"
            },
            {
                "position": "Facilities Group Manager ",
                "end": 1390262400,
                "description": "",
                "start": 1041379200,
                "location": "GASTech - Kronos"
            }
        ],
        "EmailAddress": "Bertrand.Ovan@gastech.com.kronos",
        "forceDischarge": 749433600,
        "PassportIssueDate": 1222992000,
        "CurrentEmploymentType": "Facilities",
        "CurrentEmploymentStartDate": 907200000
    },
    {
        "name": "Carla Forluniau",
        "CurrentEmploymentTitle": "Assistant to IT Group Manager",
        "Gender": "Female",
        "specialty": [],
        "experience": [
            {
                "position": "",
                "end": 915148800,
                "description": "Specialized in coordination of large group events, such as training and deployment.",
                "start": 0,
                "location": "Armed Forces of Kronos"
            },
            {
                "position": "Administrative Assistant",
                "end": 1262304000,
                "description": "Provided a wide range of administrative support for Onda Incorporated. Skilled user at required office software suites, MS Office and internal tools. Processed requisitions for materials to be moved from branch to branch.",
                "start": 946684800,
                "location": "Onda, Inc. - Kronos"
            },
            {
                "position": "Administrative Assistant",
                "end": 1390262400,
                "description": "Administrative support of the Information Technology group at GASTech, Kronos headquarters. Management support of both the group manager and of the staff in the group.  This includes support for travel, teleconferences, training and calendaring. Participate in vendor calls and visits.  Ensure efficient scheduling and facilitate meetings leading to contract agreements.",
                "start": 1104537600,
                "location": "GASTech – Kronos"
            }
        ],
        "EmailAddress": "Carla.Forluniau@gastech.com.kronos",
        "forceDischarge": 1001894400,
        "CurrentEmploymentType": "Administration",
        "CurrentEmploymentStartDate": 1110153600
    },
    {
        "name": "Claudio Hawelon",
        "CurrentEmploymentTitle": "Truck Driver",
        "Gender": "Male",
        "specialty": [
            "Technically inclines with a proven ability to troubleshoot and repair minor vehicle problems.",
            "Personable and professional with a strong customer service orientation and problem solving skills.",
            "Accustomed to working under harsh weather conditions; easily lift and carry more than 50 pounds."
        ],
        "experience": [
            {
                "position": "",
                "end": 1041379200,
                "description": "",
                "start": 978307200,
                "location": "Armed Forces of Kronos"
            },
            {
                "position": "Truck Driver",
                "end": 1167609600,
                "description": "",
                "start": 1041379200,
                "location": "On-Time Delivery, Inc.,  Kronos"
            },
            {
                "position": "Truck Driver",
                "end": 1390262400,
                "description": "Operated a semi-trailer to transport goods, parts and materials. Assist with load and unloading of product at warehouse and sites using a Pallet Jack and forklift. Maintain trip logs reflecting customer locations and distance traveled and fuel costs. Works effectively in a team support large pickup and delivery operations.",
                "start": 1167609600,
                "location": "GASTech - Kronos"
            }
        ],
        "EmailAddress": "Claudio.Hawelon@gastech.com.kronos",
        "forceDischarge": 1064966400,
        "CurrentEmploymentType": "Facilities",
        "CurrentEmploymentStartDate": 1173744000
    },
    {
        "name": "Cornelia Lais",
        "CurrentEmploymentTitle": "Assistant to Security Group Manager",
        "Gender": "Female",
        "specialty": [
            "Hard working and dedicated assistant.",
            "Strong decision making skills and ability to support multiple staff at the same time.",
            "Proficient user of all main stream office software, such as MS Office."
        ],
        "experience": [
            {
                "position": "",
                "end": 1293840000,
                "description": "Military Service",
                "start": 1230768000,
                "location": "Armed Forces of Kronos"
            },
            {
                "position": "Executive Assistant",
                "end": 1390262400,
                "description": "Administrative and business support to the Security Group Manager. Coordinate schedules among multiple personnel that are constantly on the move. Arrange travel and training for all staff in the group.",
                "start": 1293840000,
                "location": "GASTech - Kronos"
            }
        ],
        "EmailAddress": "Cornelia.Lais@gastech.com.kronos",
        "forceDischarge": 1317427200,
        "CurrentEmploymentType": "Administration",
        "CurrentEmploymentStartDate": 1324512000
    },
    {
        "name": "Dante Coginian",
        "CurrentEmploymentTitle": "Lead Janitor",
        "Gender": "Male",
        "specialty": [
            "Twenty years of extensive experience in cleaning.",
            "Detail oriented with expected initiative.",
            "Strong leadership and mentoring skills.",
            "Professional conduct, customer service oriented and a strong team player.",
            "Outstanding organizational and communication skills."
        ],
        "experience": [
            {
                "position": "student",
                "end": 631152000,
                "description": "Associates Degree, General Studies",
                "start": 567993600,
                "location": "Abila Community College, Kronos"
            },
            {
                "position": "",
                "end": 694224000,
                "description": "",
                "start": 631152000,
                "location": "Armed Forces of Kronos"
            },
            {
                "position": "Janitorial Staff",
                "end": 788918400,
                "description": "",
                "start": 694224000,
                "location": "LLX Facility Management, Kronos"
            },
            {
                "position": "Janitorial Staff",
                "end": 946684800,
                "description": "",
                "start": 788918400,
                "location": "GASTech - Kronos"
            },
            {
                "position": "Lead Janitor",
                "end": 1390262400,
                "description": "",
                "start": 946684800,
                "location": "GASTech - Kronos"
            }
        ],
        "EmailAddress": "Dante.Coginian@gastech.com.kronos",
        "forceDischarge": 717897600,
        "CurrentEmploymentType": "Facilities",
        "CurrentEmploymentStartDate": 789436800
    },
    {
        "name": "Elsa Orilla",
        "CurrentEmploymentTitle": "Drill Technician",
        "Gender": "Female",
        "specialty": [],
        "experience": [
            {
                "position": "student",
                "end": 1072915200,
                "description": "BSc Geology",
                "start": 946684800,
                "location": "University of Tethys"
            },
            {
                "position": "Drilling Technician",
                "end": 1390262400,
                "description": "",
                "start": 1072915200,
                "location": "GASTech - Kronos"
            }
        ],
        "EmailAddress": "Elsa.Orilla@gastech.com.kronos",
        "forceDischarge": 0,
        "PassportIssueDate": 1267315200,
        "CurrentEmploymentType": "Engineering",
        "CurrentEmploymentStartDate": 1085529600
    },
    {
        "name": "Emile Arpa",
        "CurrentEmploymentTitle": "Janitor",
        "Gender": "Male",
        "specialty": [
            "Hard working",
            "Can easily lift 50 lbs",
            "Professional behavior",
            "Outstanding communication skills"
        ],
        "experience": [
            {
                "position": "student",
                "end": 1293840000,
                "description": "Associates Degree, General Studies",
                "start": 1230768000,
                "location": "Abila Community College, Kronos"
            },
            {
                "position": "",
                "end": 1325376000,
                "description": "",
                "start": 1293840000,
                "location": "Armed Forces of Kronos "
            },
            {
                "position": "Janitor",
                "end": 1390262400,
                "description": "",
                "start": 1356998400,
                "location": "GASTech - Kronos"
            }
        ],
        "EmailAddress": "Emile.Arpa@gastech.com.kronos",
        "forceDischarge": 1349049600,
        "CurrentEmploymentType": "Facilities",
        "CurrentEmploymentStartDate": 1363564800
    },
    {
        "name": "Felix Balas",
        "CurrentEmploymentTitle": "Engineer",
        "Gender": "Male",
        "specialty": [],
        "experience": [
            {
                "position": "",
                "end": 567993600,
                "description": "",
                "start": 220924800,
                "location": "Tethys Defense Force - Navy"
            },
            {
                "position": "student",
                "end": 694224000,
                "description": "BSc Engineering",
                "start": 567993600,
                "location": "Tethys University"
            },
            {
                "position": "Engineer",
                "end": 1072915200,
                "description": "",
                "start": 694224000,
                "location": "Dalekanium Engineering, Ltd., Tethys"
            },
            {
                "position": "Research Engineer ",
                "end": 1390262400,
                "description": "Conduct multi-Sigma projects to reduce engineering rework, reduce project lead times, improve processes, and improve product quality. Research, development and implementation of all technologies as they apply to improving GASTech proprietary processes.",
                "start": 1072915200,
                "location": "GASTech - Kronos"
            }
        ],
        "EmailAddress": "Felix.Balas@gastech.com.kronos",
        "forceDischarge": 591667200,
        "PassportIssueDate": 1113523200,
        "CurrentEmploymentType": "Engineering",
        "CurrentEmploymentStartDate": 1094083200
    },
    {
        "name": "Felix Resumir",
        "CurrentEmploymentTitle": "Security Group Manager",
        "Gender": "Male",
        "specialty": [
            "Mr. Resumir is passionate about providing the best security for all situations.",
            "He has extensive experience in both military and private situations and looks forward to applying is hard-won knowledge."
        ],
        "experience": [
            {
                "position": "",
                "end": 852076800,
                "description": "Mr. Resumir served 20 years of distinguished service in the Tethys armed forces.  He progress through the ranks retiring at the rank of Major.  He served in multiple capacities but always found his way back to security or force protection duties.",
                "start": 220924800,
                "location": "Tethys Defense Force Army"
            },
            {
                "position": "Security Operative",
                "end": 1041379200,
                "description": "The private security firm of Tarryn Security provides both personal and corporate security to a wide variety of customers.  Mr. Resumir served on both field and operational coordination positions.",
                "start": 852076800,
                "location": "Tarryn Security – Tethys"
            },
            {
                "position": "Security Operative",
                "end": 1104537600,
                "description": "",
                "start": 1041379200,
                "location": "GASTech - Kronos"
            },
            {
                "position": "Security Group Manager",
                "end": 1390262400,
                "description": "",
                "start": 1104537600,
                "location": "GASTech - Kronos"
            }
        ],
        "EmailAddress": "Felix.Resumir@gastech.com.kronos",
        "forceDischarge": 875664000,
        "PassportIssueDate": 1111276800,
        "CurrentEmploymentType": "Security",
        "CurrentEmploymentStartDate": 1063584000
    },
    {
        "name": "Hideki Cocinaro",
        "CurrentEmploymentTitle": "Site Control",
        "Gender": "Male",
        "specialty": [
            "Military certifications in Defensive Driving, Hand-to-Hand Combat, Small Arms Weapons Proficiency."
        ],
        "experience": [
            {
                "position": "",
                "end": 1285891200,
                "description": "Specialized in patrol duty and accepted multiple hazardous deployments.",
                "start": 883612800,
                "location": "Tethan Defense Force"
            },
            {
                "position": "Security Officer",
                "end": 1390262400,
                "description": "",
                "start": 1262304000,
                "location": "GASTech - Kronos"
            }
        ],
        "EmailAddress": "Hideki.Cocinaro@gastech.com.kronos",
        "forceDischarge": 1254355200,
        "PassportIssueDate": 1369440000,
        "CurrentEmploymentType": "Security",
        "CurrentEmploymentStartDate": 1262304000
    },
    {
        "name": "Irene Nant",
        "CurrentEmploymentTitle": "Truck Driver",
        "Gender": "Female",
        "specialty": [
            "Possess a strong work ethic and excellent driving record, stable work history and credible references.",
            "Knowledgeable of safety regulations and map reading procedures. ",
            "Recognized for ability to plan, organize and coordinate priorities in an expedient manner."
        ],
        "experience": [
            {
                "position": "student",
                "end": 1072915200,
                "description": "Associates Degree, General Studies",
                "start": 1009843200,
                "location": "Ranulz Community College, Kronos"
            },
            {
                "position": "",
                "end": 1104537600,
                "description": "",
                "start": 1072915200,
                "location": "Armed Forces of Kronos"
            },
            {
                "position": "Delivery Services; Warehouse Freight Handler",
                "end": 1199145600,
                "description": "Ms. Nant’s responsibilities included intake of freight and maintenance of the inventory listings for the warehouse.  She then transitioned to delivering the freight to contracted retail locations. She kept prompt delivery schedules and often helped in offloading the deliveries.",
                "start": 1104537600,
                "location": "Hernandez Retail Services,  Kronos"
            },
            {
                "position": "Truck Driver",
                "end": 1390262400,
                "description": "",
                "start": 1199145600,
                "location": "GASTech - Kronos"
            }
        ],
        "EmailAddress": "Irene.Nant@gastech.com.kronos",
        "forceDischarge": 1128124800,
        "CurrentEmploymentType": "Facilities",
        "CurrentEmploymentStartDate": 1228003200
    },
    {
        "name": "Isak Baza",
        "CurrentEmploymentTitle": "IT Technician",
        "Gender": "Male",
        "specialty": [
            "Experienced and knowledgeable Information Technology Professional seeking to contribute training and acquired skills within a Tier One Technical Support and/or Help Desk role. ",
            "Works well independently, or in a group setting providing all facets of computer support such as troubleshooting, installations, and maintenance. ",
            "In-depth knowledge and understanding of numerous software packages and operating systems. ",
            "Skilled in providing Customer and End-User Help Desk Support. ",
            "Easily identify and resolve technical issues and concerns.",
            "Excellent communication and presentation capabilities."
        ],
        "experience": [
            {
                "position": "student",
                "end": 946684800,
                "description": "Bachelor of Science, Computer Science",
                "start": 820454400,
                "location": "Tethys University"
            },
            {
                "position": "Helpdesk Technician",
                "end": 1009843200,
                "description": "",
                "start": 946684800,
                "location": "Pharma, Inc – Tethys"
            },
            {
                "position": "Information Technology Technician",
                "end": 1390262400,
                "description": "",
                "start": 1009843200,
                "location": "GASTech – Kronos"
            }
        ],
        "EmailAddress": "Isak.Baza@gastech.com.kronos",
        "forceDischarge": 0,
        "PassportIssueDate": 1218585600,
        "CurrentEmploymentType": "Information Technology",
        "CurrentEmploymentStartDate": 1016582400
    },
    {
        "name": "Isande Borrasca",
        "CurrentEmploymentTitle": "Drill Technician",
        "Gender": "Female",
        "specialty": [],
        "experience": [
            {
                "position": "student",
                "end": 978307200,
                "description": "BSc Geology",
                "start": 852076800,
                "location": "Tethys University"
            },
            {
                "position": "Drilling Technician",
                "end": 1072915200,
                "description": "Significant field work from establishing the site to supporting daily operations.",
                "start": 946684800,
                "location": "TO&G – Tethys"
            },
            {
                "position": "Senior Drilling Technician",
                "end": 1390262400,
                "description": "Roles have included drilling engineer, project manager, and onsite supervision. Highly successful in drilling and completion engineering design, team building, project management and operations.",
                "start": 1072915200,
                "location": "GASTech - Kronos"
            }
        ],
        "EmailAddress": "Isande.Borrasca@gastech.com.kronos",
        "forceDischarge": 0,
        "PassportIssueDate": 1222992000,
        "CurrentEmploymentType": "Engineering",
        "CurrentEmploymentStartDate": 1077062400
    },
    {
        "name": "Isia Vann",
        "CurrentEmploymentTitle": "Perimeter Control",
        "Gender": "Male",
        "specialty": [
            "Responsible worker with strong decision making skills",
            "Team player",
            "Committed to ensuring the client’s security priorities are number one."
        ],
        "experience": [
            {
                "position": "student",
                "end": 1104537600,
                "description": "Associates Degree – Basic Studies",
                "start": 1041379200,
                "location": "Abila Community College"
            },
            {
                "position": "",
                "end": 1167609600,
                "description": "",
                "start": 1104537600,
                "location": "Armed Forces of Kronos"
            },
            {
                "position": "Security Officer",
                "end": 1390262400,
                "description": "",
                "start": 1167609600,
                "location": "GASTech - Kronos"
            }
        ],
        "EmailAddress": "Isia.Vann@gastech.com.kronos",
        "forceDischarge": 1191196800,
        "CurrentEmploymentType": "Security",
        "CurrentEmploymentStartDate": 1197590400
    },
    {
        "name": "Lars Azada",
        "CurrentEmploymentTitle": "Engineer",
        "Gender": "Male",
        "specialty": [],
        "experience": [
            {
                "position": "student",
                "end": 788918400,
                "description": "BSc Chemical Engineering",
                "start": 662688000,
                "location": "Tethys University"
            },
            {
                "position": "",
                "end": 788918400,
                "description": "",
                "start": 788918400,
                "location": "Tethys Defense Force "
            },
            {
                "position": "Research Engineer",
                "end": 1390262400,
                "description": "Mr. Azada supports a wide variety of projects for the Engineering group at the Kronos headquarters of GASTech, a leader in drilling and natural gas production.  His responsibilities include design input on novel drilling and transport technologies. Also included in his responsibilities is initial design review of proposed projects.",
                "start": 788918400,
                "location": "GASTech - Kronos"
            }
        ],
        "EmailAddress": "Lars.Azada@gastech.com.kronos",
        "forceDischarge": 812505600,
        "PassportIssueDate": 1306886400,
        "CurrentEmploymentType": "Engineering",
        "CurrentEmploymentStartDate": 817776000
    },
    {
        "name": "Lidelse Dedos",
        "CurrentEmploymentTitle": "Engineering Group Manager",
        "Gender": "Female",
        "specialty": [],
        "experience": [
            {
                "position": "student",
                "end": 0,
                "description": "BSc Civil Engineering",
                "start": 0,
                "location": "Tethys School of Mining and Engineering"
            },
            {
                "position": "student",
                "end": 536457600,
                "description": "Masters Civil Engineering",
                "start": 441763200,
                "location": "Tethys University"
            },
            {
                "position": "Civil Engineer",
                "end": 915148800,
                "description": "",
                "start": 536457600,
                "location": "G&A Engineering, Ltd."
            },
            {
                "position": "Engineering Manager",
                "end": 1041379200,
                "description": "",
                "start": 915148800,
                "location": "G&A Engineering, Ltd."
            },
            {
                "position": "Civil Engineer",
                "end": 441763200,
                "description": "",
                "start": 126230400,
                "location": "Sanli Engineering"
            },
            {
                "position": "Vice President and Board member.",
                "end": 1262304000,
                "description": "",
                "start": 946684800,
                "location": "Society for Civil Engineers"
            },
            {
                "position": "Engineering Group Manager",
                "end": 1390262400,
                "description": "Ms. Dedos is responsible for oversight of all engineering projects planned and coordinated with other sites and divisions.  She also has technical oversight of all projects in the Kronos locale.",
                "start": 1041379200,
                "location": "GASTech - Kronos"
            }
        ],
        "EmailAddress": "Lidelse.Dedos@gastech.com.kronos",
        "forceDischarge": 0,
        "PassportIssueDate": 1218585600,
        "CurrentEmploymentType": "Engineering",
        "CurrentEmploymentStartDate": 1046476800
    },
    {
        "name": "Linda Lagos",
        "CurrentEmploymentTitle": "Assistant to COO",
        "Gender": "Female",
        "specialty": [],
        "experience": [
            {
                "position": "Executive Assistant",
                "end": 1262304000,
                "description": "Supported multiple senior managers at the headquarters office of the Bank of Kronos.",
                "start": 946684800,
                "location": "Bank of Kronos"
            },
            {
                "position": "Senior Executive Assistant",
                "end": 1390262400,
                "description": "Administrative support to the COO of GASTech, Kronos headquarters.",
                "start": 1262304000,
                "location": "GASTech - Kronos"
            }
        ],
        "EmailAddress": "Linda.Lagos@gastech.com.kronos",
        "forceDischarge": 0,
        "PassportIssueDate": 1257033600,
        "CurrentEmploymentType": "Administration",
        "CurrentEmploymentStartDate": 1264982400
    },
    {
        "name": "Linnea Bergen",
        "CurrentEmploymentTitle": "IT Group Manager",
        "Gender": "Female",
        "specialty": [],
        "experience": [
            {
                "position": "student",
                "end": 694224000,
                "description": "BSc Computer Science",
                "start": 567993600,
                "location": "Barrington University,  Tethys"
            },
            {
                "position": "Information Technology Specialist",
                "end": 1072915200,
                "description": "",
                "start": 694224000,
                "location": "IT4U - Tethys"
            },
            {
                "position": "Information Technology Specialist",
                "end": 1199145600,
                "description": "",
                "start": 1072915200,
                "location": "GASTech - Kronos"
            },
            {
                "position": "Group Manager",
                "end": 1390262400,
                "description": "",
                "start": 1199145600,
                "location": "GASTech - Kronos"
            }
        ],
        "EmailAddress": "Linnea.Bergen@gastech.com.kronos",
        "forceDischarge": 0,
        "PassportIssueDate": 1083196800,
        "CurrentEmploymentType": "Information Technology",
        "CurrentEmploymentStartDate": 1088899200
    },
    {
        "name": "Loreto Bodrogi",
        "CurrentEmploymentTitle": "Site Control",
        "Gender": "Male",
        "specialty": [],
        "experience": [
            {
                "position": "",
                "end": 1199145600,
                "description": "Excellent self-defense skills.",
                "start": 1136073600,
                "location": "Armed Forces of Kronos"
            },
            {
                "position": "Security Guard",
                "end": 1356998400,
                "description": "Report on activities on a nightly basis. Completed multiple short-term security assignments for clients of RQS.",
                "start": 1199145600,
                "location": "RQS Security"
            },
            {
                "position": "student",
                "end": 1293840000,
                "description": "Associates Degree – Basic Studies",
                "start": 1199145600,
                "location": "Abila Community College"
            },
            {
                "position": "Security Officer",
                "end": 1390262400,
                "description": "",
                "start": 1356998400,
                "location": "GASTech - Kronos"
            }
        ],
        "EmailAddress": "Loreto.Bodrogi@gastech.com.kronos",
        "forceDischarge": 1222819200,
        "CurrentEmploymentType": "Security",
        "CurrentEmploymentStartDate": 1376697600
    },
    {
        "name": "Lucas Alcazar",
        "CurrentEmploymentTitle": "IT Helpdesk",
        "Gender": "Male",
        "specialty": [],
        "experience": [
            {
                "position": "student",
                "end": 0,
                "description": "Associates Degree – Business and Computer studies",
                "start": 0,
                "location": "IT Tech University, Tethys"
            },
            {
                "position": "Helpdesk Consultant",
                "end": 1390262400,
                "description": "",
                "start": 1262304000,
                "location": "GASTech – Kronos"
            }
        ],
        "EmailAddress": "Lucas.Alcazar@gastech.com.kronos",
        "forceDischarge": 0,
        "PassportIssueDate": 1358985600,
        "CurrentEmploymentType": "Information Technology",
        "CurrentEmploymentStartDate": 1291075200
    },
    {
        "name": "Marin Onda",
        "CurrentEmploymentTitle": "Drill Site Manager",
        "Gender": "Male",
        "specialty": [],
        "experience": [
            {
                "position": "student",
                "end": 694224000,
                "description": "BSc Geology",
                "start": 567993600,
                "location": "Tethys University"
            },
            {
                "position": "student",
                "end": 820454400,
                "description": "Masters Geology",
                "start": 694224000,
                "location": "Tethys University"
            },
            {
                "position": "Geologist",
                "end": 1136073600,
                "description": "He is technically well-versed in all substrate extraction techniques.",
                "start": 1041379200,
                "location": "GASTech - Kronos"
            },
            {
                "position": "Site Manager",
                "end": 1390262400,
                "description": "His duties include scientific oversight of planned operations, schedule and budget management for new activities and staff management.",
                "start": 1136073600,
                "location": "GASTech - Kronos"
            }
        ],
        "EmailAddress": "Marin.Onda@gastech.com.kronos",
        "forceDischarge": 0,
        "PassportIssueDate": 1113523200,
        "CurrentEmploymentType": "Engineering",
        "CurrentEmploymentStartDate": 1050192000
    },
    {
        "name": "Minke Mies",
        "CurrentEmploymentTitle": "Perimeter Control",
        "Gender": "Male",
        "specialty": [],
        "experience": [
            {
                "position": "",
                "end": 1293840000,
                "description": "Specialized in security procedures and defensive driving.",
                "start": 1230768000,
                "location": "Armed Forces of Kronos"
            },
            {
                "position": "Security Guard",
                "end": 1356998400,
                "description": "",
                "start": 1293840000,
                "location": "Bank of Kronos"
            },
            {
                "position": "Security Officer",
                "end": 1390262400,
                "description": "",
                "start": 1356998400,
                "location": "GASTech - Kronos"
            }
        ],
        "EmailAddress": "Minke.Mies@gastech.com.kronos",
        "forceDischarge": 1317427200,
        "CurrentEmploymentType": "Security",
        "CurrentEmploymentStartDate": 1369180800
    },
    {
        "name": "Nils Calixto",
        "CurrentEmploymentTitle": "IT Technician",
        "Gender": "Male",
        "specialty": [],
        "experience": [
            {
                "position": "student",
                "end": 1072915200,
                "description": "Bachelor of Science, Computer and Information Technology",
                "start": 946684800,
                "location": "Tethys University"
            },
            {
                "position": "Information Technology Technician",
                "end": 1390262400,
                "description": "",
                "start": 1072915200,
                "location": "GASTech – Kronos"
            }
        ],
        "EmailAddress": "Nils.Calixto@gastech.com.kronos",
        "forceDischarge": 0,
        "PassportIssueDate": 1339459200,
        "CurrentEmploymentType": "Information Technology",
        "CurrentEmploymentStartDate": 1098144000
    },
    {
        "name": "Rachel Pantanal",
        "CurrentEmploymentTitle": "Assistant to CIO",
        "Gender": "Female",
        "specialty": [],
        "experience": [
            {
                "position": "Executive Assistant",
                "end": 1356998400,
                "description": "",
                "start": 1072915200,
                "location": "XYZ Manufacturing"
            },
            {
                "position": "GASTech - Kronos",
                "end": 1403867186,
                "description": "Provide administrative and business support to the CIO of GASTech, Kronos headquarters.",
                "start": 1380585600,
                "location": "GASTech - Kronos"
            }
        ],
        "EmailAddress": "Rachel.Pantanal@gastech.com.kronos",
        "forceDischarge": 0,
        "PassportIssueDate": 1371081600,
        "CurrentEmploymentType": "Administration",
        "CurrentEmploymentStartDate": 1380585600
    },
    {
        "name": "Stenig Fusil",
        "CurrentEmploymentTitle": "Building Control",
        "Gender": "Male",
        "specialty": [],
        "experience": [
            {
                "position": "student",
                "end": 378691200,
                "description": "Associates Degree – General Studies",
                "start": 315532800,
                "location": "Tethys Community College"
            },
            {
                "position": "",
                "end": 536457600,
                "description": "Specialized in Military Law Enforcement.",
                "start": 378691200,
                "location": "Tethan Defense Force"
            },
            {
                "position": "Deputy Sheriff",
                "end": 852076800,
                "description": "",
                "start": 536457600,
                "location": "Srithal County, Tethys"
            },
            {
                "position": "Security Officer",
                "end": 1072915200,
                "description": "Trained customer staff and security personnel in the implementation of security procedures",
                "start": 852076800,
                "location": "Myxllink, Ltd., Tethys"
            },
            {
                "position": "Security Team Leader",
                "end": 1390262400,
                "description": "Responsible for continued training of security staff supporting both headquarters and regional sites.Field rated; responsible for patrol checks, dealing with infractions and incidents, and day to day enforcement.",
                "start": 1072915200,
                "location": "GASTech - Kronos"
            }
        ],
        "EmailAddress": "Stenig.Fusil@gastech.com.kronos",
        "forceDischarge": 560044800,
        "PassportIssueDate": 1144022400,
        "CurrentEmploymentType": "Security",
        "CurrentEmploymentStartDate": 1075939200
    },
    {
        "name": "Sven Flecha",
        "CurrentEmploymentTitle": "IT Technician",
        "Gender": "Male",
        "specialty": [],
        "experience": [
            {
                "position": "student",
                "end": 1167609600,
                "description": "Bachelor of Science, Information Technology",
                "start": 0,
                "location": "Tethys University"
            },
            {
                "position": "IT Technician",
                "end": 1262304000,
                "description": "Administered all local and remote server backups.",
                "start": 1167609600,
                "location": "Department of Commerce, Tethys"
            },
            {
                "position": "Information Technology Technician",
                "end": 1390262400,
                "description": "Administer core business servers (Active Directory), client workstations, and network security devices.",
                "start": 1262304000,
                "location": "GASTech – Kronos"
            }
        ],
        "EmailAddress": "Sven.Flecha@gastech.com.kronos",
        "forceDischarge": 0,
        "PassportIssueDate": 1160352000,
        "CurrentEmploymentType": "Information Technology",
        "CurrentEmploymentStartDate": 1287100800
    },
    {
        "name": "Mat Bramar",
        "CurrentEmploymentTitle": "Assistant to CEO",
        "Gender": "Male",
        "specialty": [],
        "experience": [
            {
                "position": "Assistant to CEO",
                "end": 1390262400,
                "location": "GASTech",
                "start": 1120176000,
                "description": ""
            }
        ],
        "EmailAddress": "Mat.Bramar@gastech.com.kronos",
        "forceDischarge": 0,
        "CurrentEmploymentType": "Administration",
        "CurrentEmploymentStartDate": 1120176000
    },
    {
        "name": "Ruscella Mies Haber",
        "CurrentEmploymentTitle": "Assistant to Engineering Group Manager",
        "Gender": "Female",
        "specialty": [],
        "experience": [
            {
                "position": "Assistant to Engineering Group Manager",
                "end": 1390262400,
                "location": "GASTech",
                "start": 1049241600,
                "description": ""
            }
        ],
        "EmailAddress": "Ruscella.Mies.Haber@gastech.com.kronos",
        "forceDischarge": 465436800,
        "PassportIssueDate": 0,
        "CurrentEmploymentType": "Administration",
        "CurrentEmploymentStartDate": 1049241600
    },
    {
        "name": "Kare Orilla",
        "CurrentEmploymentTitle": "Drill Technician",
        "Gender": "Female",
        "specialty": [],
        "experience": [
            {
                "position": "Drill Technician",
                "end": 1390262400,
                "location": "GASTech",
                "start": 1131753600,
                "description": ""
            }
        ],
        "EmailAddress": "Kare.Orilla@gastech.com.kronos",
        "forceDischarge": 0,
        "CurrentEmploymentType": "Engineering",
        "CurrentEmploymentStartDate": 1131753600
    },
    {
        "name": "Brand Tempestad",
        "CurrentEmploymentTitle": "Drill Technician",
        "Gender": "Male",
        "specialty": [],
        "experience": [
            {
                "position": "Drill Technician",
                "end": 1390262400,
                "location": "GASTech",
                "start": 1086998400,
                "description": ""
            }
        ],
        "EmailAddress": "Brand.Tempestad@gastech.com.kronos",
        "forceDischarge": 0,
        "CurrentEmploymentType": "Engineering",
        "CurrentEmploymentStartDate": 1086998400
    },
    {
        "name": "Birgitta Frente",
        "CurrentEmploymentTitle": "Geologist",
        "Gender": "Female",
        "specialty": [],
        "experience": [
            {
                "position": "Geologist",
                "end": 1390262400,
                "location": "GASTech",
                "start": 925689600,
                "description": ""
            }
        ],
        "EmailAddress": "Birgitta.Frente@gastech.com.kronos",
        "forceDischarge": 0,
        "CurrentEmploymentType": "Engineering",
        "CurrentEmploymentStartDate": 925689600
    },
    {
        "name": "Adra Nubarron",
        "CurrentEmploymentTitle": "Geologist",
        "Gender": "Female",
        "specialty": [],
        "experience": [
            {
                "position": "Geologist",
                "end": 1390262400,
                "location": "GASTech",
                "start": 773625600,
                "description": ""
            }
        ],
        "EmailAddress": "Adra.Nubarron@gastech.com.kronos",
        "forceDischarge": 0,
        "CurrentEmploymentType": "Engineering",
        "CurrentEmploymentStartDate": 773625600
    },
    {
        "name": "Gustav Cazar",
        "CurrentEmploymentTitle": "Hydraulic Technician",
        "Gender": "Male",
        "specialty": [],
        "experience": [
            {
                "position": "Hydraulic Technician",
                "end": 1390262400,
                "location": "GASTech",
                "start": 1252972800,
                "description": ""
            }
        ],
        "EmailAddress": "Gustav.Cazar@gastech.com.kronos",
        "forceDischarge": 0,
        "CurrentEmploymentType": "Engineering",
        "CurrentEmploymentStartDate": 1252972800
    },
    {
        "name": "Vira Frente",
        "CurrentEmploymentTitle": "Hydraulic Technician",
        "Gender": "Female",
        "specialty": [],
        "experience": [
            {
                "position": "Hydraulic Technician",
                "end": 1390262400,
                "location": "GASTech",
                "start": 1007164800,
                "description": ""
            }
        ],
        "EmailAddress": "Vira.Frente@gastech.com.kronos",
        "forceDischarge": 0,
        "PassportIssueDate": 0,
        "CurrentEmploymentType": "Engineering",
        "CurrentEmploymentStartDate": 1007164800
    },
    {
        "name": "Varro Awelon",
        "CurrentEmploymentTitle": "Janitor",
        "Gender": "Male",
        "specialty": [],
        "experience": [
            {
                "position": "Janitor",
                "end": 1390262400,
                "location": "GASTech",
                "start": 1350864000,
                "description": ""
            }
        ],
        "EmailAddress": "Varro.Awelon@gastech.com.kronos",
        "forceDischarge": 1159660800,
        "PassportIssueDate": 0,
        "CurrentEmploymentType": "Facilities",
        "CurrentEmploymentStartDate": 1350864000
    },
    {
        "name": "Benito Hawelon",
        "CurrentEmploymentTitle": "Truck Driver",
        "Gender": "Male",
        "specialty": [],
        "experience": [
            {
                "position": "Truck Driver",
                "end": 1390262400,
                "location": "GASTech",
                "start": 951091200,
                "description": ""
            }
        ],
        "EmailAddress": "Benito.Hawelon@gastech.com.kronos",
        "forceDischarge": 938736000,
        "PassportIssueDate": 0,
        "CurrentEmploymentType": "Facilities",
        "CurrentEmploymentStartDate": 951091200
    },
    {
        "name": "Henk Mies",
        "CurrentEmploymentTitle": "Truck Driver",
        "Gender": "Male",
        "specialty": [],
        "experience": [
            {
                "position": "Truck Driver",
                "end": 1390262400,
                "location": "GASTech",
                "start": 1373587200,
                "description": ""
            }
        ],
        "EmailAddress": "Henk.Mies@gastech.com.kronos",
        "forceDischarge": 1096588800,
        "CurrentEmploymentType": "Facilities",
        "CurrentEmploymentStartDate": 1373587200
    },
    {
        "name": "Valeria Morlun",
        "CurrentEmploymentTitle": "Truck Driver",
        "Gender": "Female",
        "specialty": [],
        "experience": [
            {
                "position": "Truck Driver",
                "end": 1390262400,
                "location": "GASTech",
                "start": 1070323200,
                "description": ""
            }
        ],
        "EmailAddress": "Valeria.Morlun@gastech.com.kronos",
        "forceDischarge": 1001894400,
        "PassportIssueDate": 0,
        "CurrentEmploymentType": "Facilities",
        "CurrentEmploymentStartDate": 1070323200
    },
    {
        "name": "Cecilia Morluniau",
        "CurrentEmploymentTitle": "Truck Driver",
        "Gender": "Female",
        "specialty": [],
        "experience": [
            {
                "position": "Truck Driver",
                "end": 1390262400,
                "location": "GASTech",
                "start": 1241049600,
                "description": ""
            }
        ],
        "EmailAddress": "Cecilia.Morluniau@gastech.com.kronos",
        "forceDischarge": 1222819200,
        "PassportIssueDate": 0,
        "CurrentEmploymentType": "Facilities",
        "CurrentEmploymentStartDate": 1241049600
    },
    {
        "name": "Dylan Scozzese",
        "CurrentEmploymentTitle": "Truck Driver",
        "Gender": "Male",
        "specialty": [],
        "experience": [
            {
                "position": "Truck Driver",
                "end": 1390262400,
                "location": "GASTech",
                "start": 1172707200,
                "description": ""
            }
        ],
        "EmailAddress": "Dylan.Scozzese@gastech.com.kronos",
        "forceDischarge": 1159660800,
        "CurrentEmploymentType": "Facilities",
        "CurrentEmploymentStartDate": 1172707200
    },
    {
        "name": "Kanon Herrero",
        "CurrentEmploymentTitle": "Badging Office",
        "Gender": "Male",
        "specialty": [],
        "experience": [
            {
                "position": "Badging Office",
                "end": 1390262400,
                "location": "GASTech",
                "start": 1227139200,
                "description": ""
            }
        ],
        "EmailAddress": "Kanon.Herrero@gastech.com.kronos",
        "forceDischarge": 0,
        "CurrentEmploymentType": "Security",
        "CurrentEmploymentStartDate": 1227139200
    },
    {
        "name": "Varja Lagos",
        "CurrentEmploymentTitle": "Badging Office",
        "Gender": "Female",
        "specialty": [],
        "experience": [
            {
                "position": "Badging Office",
                "end": 1390262400,
                "location": "GASTech",
                "start": 1159660800,
                "description": ""
            }
        ],
        "EmailAddress": "Varja.Lagos@gastech.com.kronos",
        "forceDischarge": 0,
        "PassportIssueDate": 0,
        "CurrentEmploymentType": "Security",
        "CurrentEmploymentStartDate": 1159660800
    },
    {
        "name": "Hennie Osvaldo",
        "CurrentEmploymentTitle": "Perimeter Control",
        "Gender": "Male",
        "specialty": [],
        "experience": [
            {
                "position": "Perimeter Control",
                "end": 1390262400,
                "location": "GASTech",
                "start": 1307404800,
                "description": ""
            }
        ],
        "EmailAddress": "Hennie.Osvaldo@gastech.com.kronos",
        "forceDischarge": 1285891200,
        "PassportIssueDate": 0,
        "CurrentEmploymentType": "Security",
        "CurrentEmploymentStartDate": 1307404800
    },
    {
        "name": "Edvard Vann",
        "CurrentEmploymentTitle": "Perimeter Control",
        "Gender": "Male",
        "specialty": [],
        "experience": [
            {
                "position": "Perimeter Control",
                "end": 1390262400,
                "location": "GASTech",
                "start": 1376524800,
                "description": ""
            }
        ],
        "EmailAddress": "Edvard.Vann@gastech.com.kronos",
        "forceDischarge": 1317427200,
        "PassportIssueDate": 0,
        "CurrentEmploymentType": "Security",
        "CurrentEmploymentStartDate": 1376524800
    },
    {
        "name": "Inga Ferro",
        "CurrentEmploymentTitle": "Site Control",
        "Gender": "Female",
        "specialty": [],
        "experience": [
            {
                "position": "Site Control",
                "end": 1390262400,
                "location": "GASTech",
                "start": 1357862400,
                "description": ""
            }
        ],
        "EmailAddress": "Inga.Ferro@gastech.com.kronos",
        "forceDischarge": 1349049600,
        "CurrentEmploymentType": "Security",
        "CurrentEmploymentStartDate": 1357862400
    }
]